简易便当🍱白菜炒肉眼	片白菜 根葱 克盐 勺料酒 猪肉丸	所需要的材料 一一切好，菜帮和菜叶分开 爆葱油 先下菜帮子 出水时下肉丸 有了肉味再下菜叶 盖上锅盖焖一会 出锅时放盐和葱花 带着上班吃
宝宝辅食曲奇，无盐无糖版	1个鸡蛋 110克低筋面粉 100克黄油 30克奶粉	黄油切小软化，空调下面吹吹也行 低筋粉和奶粉混合，小孩子可以使用正在吃的奶粉做，比如喜宝爱他美都可以 黄油打烂，一档 打打打 打好 敲个蛋清进去 蛋黄用不用随便 搅拌蛋清和黄油 筛入面粉奶粉混合体 一档打一下 打好成型（手捏其实也可以） 搓圆压扁 上下火180度，15-20分钟，看你喜欢偏嫩还是偏老 经常看看 好了 好啦 完成 简单吧～
八宝饭	糯米 豆沙	糯米洗净净泡2小时。 上笼蒸（水开了放下去）20分钟。 蒸好的糯米热的时候，加糖、猪油拌匀。 碗里四周涂抹猪油，放上红枣、瓜子仁等小蜜饯。放入糯米、豆沙。最后再盖上糯米。 在上笼蒸10分钟左右，拿出倒扣在盘子里。
老干妈黄瓜拌腐竹	黄瓜 腐竹 糖 醋 香油 老干妈	腐竹提前用凉水泡开。 黄瓜去皮，先斜切段，再切片。 斜切段。焯水，沥干。 装盘合匀。 老干妈，糖，醋，1:1:1拌匀，加香油适量。
海鲜味增杂粮粥	任意杂粮 味增 紫菜 瑶柱 蘑菇 茼蒿	杂粮、瑶柱冷泡一晚，煮成粥，水要把握好。确保加入后面的东西之后是粘稠的状态。 杂粮粥煮好之后放入紫菜、自己喜欢的蘑菇、味增、茼蒿即可。
阿拉棒	1只鸡蛋 130g低筋面粉 30g糖粉 或白糖都可以 10g黄油	黄油软化 将糖粉鸡蛋混合均匀 手打即可 记得事先留一汤匙的鸡蛋液  将1中混合蛋液加入低筋面粉 揉成面团 揉好之后直接放在一点面粉上放半小时 不需要盖湿布 不是发酵 只是松弛一下 半小时后用擀面杖擀成厚约 5cm的长方形面片 切成条即可 可以扭一扭 也可以直接放在铺好锡纸的烤盘上 这时候可以开始预热烤箱 上下火180度 把1中留下的蛋液刷下长条表面 不需要四周都涂 涂了烤颜色更黄更亮 涂完烤箱也差不多预热好了 把烤盘放在烤箱中层 上下火180度 烘烤25分钟  步骤四的图和这个图是同一根 就是涂蛋液的正面和没有涂的侧面的区别
麦冬玉竹鸽子汤	1只鸽子 10克麦冬 10克淮山 30克枸杞 15克玉竹 30克蜜枣 5克天冬	准备好各种煲汤药材 1．将老鸽宰杀后，去除内脏（买时可叫老板处理好），洗净。  2．将老鸽整只，也可斩块，洗去血水，沥干待用。 将淮山玉竹泡洗20分钟后水倒掉洗干净。枸杞、麦冬、蜜枣洗干净即可。 将所有材料装入汤锅中，加入适量清水。 先用大火将汤煮开，然后调止小火煲1.5—2个小时，起锅前放入适量的盐即可
养生五行素炒白地瓜	2/3个白地瓜 红1个/黄1个彩椒 5朵木耳（干） 1根香芹 2瓣蒜 1片姜 1/4根葱 1个黄辣椒 1勺橄榄油 1勺味极鲜	白地瓜切片；香芹切寸段；干木耳泡发后切丝；彩椒切丁；葱姜蒜切丝：切一小块黄辣椒。 热锅后，加橄榄油，油温不高时下葱、姜、蒜、辣椒煸香。 下黑木耳，再加少许味极鲜酱油煸炒一会儿，下彩椒。 将白地瓜和香芹入锅，翻炒至熟。 出锅。
土豆咸味饼干—格瑞美厨GOURMETmaxx	160克熟土豆 300克低筋面粉 2克盐 2克小苏打 80克玉米油\橄榄油	土豆去皮切成块，放入钢杯内，加水500克，和土豆齐平既可。 设置【15分钟、105度】将土豆煮熟。倒出备用。 安装搅拌刀，取160克熟的土豆放入。 加入低筋面粉，小苏打，盐，油所有材料。 设置【2分钟、3档】启动搅拌均匀。 揉到图中这个状态，倒出面团。 捏成团。分成两份。 擀成方形大片。 切成4cm小方形，放入烤盘。用叉子叉孔。 薄薄刷一层水，再撒少量盐和胡椒粉。 预热烤箱170度烘烤16分钟。 追剧零食轻松GET
Cina家乡菜--潮汕反沙芋	半个香芋（大个的） 四大勺糖 少量水 适量（随个人口味所需）姜丝	香芋切块，姜块切丝，装盘。糖装杯，备用 大火油下锅滚开后调中小火放入香芋块，炸至表面金黄里面熟透（可用筷子戳下，看能否穿透来验证是否已熟） 炸好的香芋装盘。锅里剩一点油，放入姜丝翻炒一会倒入糖杯 中火放姜丝和糖，加入一勺水（水不要太多哈，太多不好翻糖）待糖慢慢熬至金黄色冒出小泡把香芋块快速倒入，快速翻炒直至香芋块全部裹上糖衣。 在有风的地方风干即可享用美食
韩式炒年糕	适量韩国年糕 2勺韩国辣酱 三分之一个洋葱 适量鱼饼 1勺酱油 适量干鳀鱼 一块昆布 1勺糖稀 1勺番茄酱 1勺辣椒粉	首先提前一小时熬制高汤，一个人吃的话，四五条鳀鱼和一小块昆布就够啦。煮好后过滤出汤汁。 洋葱切成适口大小，炒出甜味之后，加入辣椒酱、番茄酱、辣椒粉、酱油炒香，倒入适量高汤，放入年糕和鱼饼煮熟后捞出。把汤汁熬至剩个汤底，然后再倒入年糕鱼饼，加入糖稀，收汁至年糕刚好裹上酱汁～ 我自己吃的时候，是不加番茄酱的，因为不喜欢酸味。有时候想吃菜叶子也会像图里那样不完全收汁，加入菜叶，或者蟹棒、红薯粉、拉面一起吃一顿～
周冬雨豆瓣鸡	适量鸡腿肉 适量糖 适量盐 适量酱油 适量料酒 2勺淀粉 1只鸡蛋 适量香料 适量葱姜蒜 1勺豆瓣酱	鸡腿肉加糖、盐、酱油、料酒拌好备用 将适量水、两大勺淀粉、一只鸡蛋拌匀成糊状，将腌好的鸡肉裹上蛋面糊 热油下锅后，鸡腿肉下锅炸制 将鸡肉搅拌划散，待炸制金黄捞出沥干 低温下油，香料炝锅，将葱姜蒜末与香料搅拌炒熟 放一勺豆瓣酱炒匀 将油炸后的鸡肉倒入锅内，拌匀出锅
香菜白菜龙利鱼汤  宝宝辅食天天学	1条龙利鱼 1把香菜 1个娃娃菜 适量玉米淀粉、盐、食用油	龙利鱼刮走鳞片 剪掉鱼头 剪掉内脏 娃娃菜切段 香菜切段 龙利鱼正反面都裹上一点玉米淀粉 锅里倒油，小火加热，放入龙利鱼香煎正反面 倒入适量清水煮至沸腾 加入大白菜，加盖小火煮至大白菜软烂 最后加入香菜、调入盐再煮3-5分钟即可
玉米面馒头	100克玉米面 400克中筋面粉 5克酵母 20克猪油 1只全蛋液 250克牛奶	方中所有材料混合均匀 揉至光滑均匀的面团，进行一发，发酵温度控制在26度，湿度70。发酵50分钟左右 发酵后进行一排气，将面团揉至光滑 分团，进行二次发酵，二发发酵温度控制在38度，湿度85。发酵20分钟左右。  水开后上蒸20分钟。关火虚蒸5分钟开盖。 完美 全麦 麦麸馒头
风干鸡肉干	一包鸡胸肉	鸡肉切片铺平在烘干机架上 （鸡肉厚度5mm左右） 鸡肉放置入架 烘干机调节温度65度 时间10h 出炉。放凉存放
酱牛肉	1000克牛腱 3勺黄豆酱 1小把花椒 4个八角 1块桂皮 4块姜 5片香叶 3勺老抽 6勺生抽 3个红葱头 1根小葱 2个辣椒干 适量花雕	香料量如图。这个每家每户不尽相同。可以根据实际情况调整。八角有大有小，小的就多放棵。取干净锅，不放油，先放香料烘中小火出香味。注意不要焦。 牛腱子洗净，冰冻的可以先焯水。放入锅中，加入所有酱料，配料，香料。花雕加到没过食材。电高压锅大概40分钟，看牌子不同选择炖肉或者煲汤功能。普通炉灶，烧开后中火炖2小时。期间注意汤汁多少。 盾组完成后取出放入冰箱冷藏，两小时后再切片摆盘。淋上一勺卤牛，的汁水。做个醮水。完成。
电饭锅版牛肉蛋花粥	半杯大米 200克左右牛肉 1个鸡蛋 克盐 勺酱油 四五朵泡发香菇没有可以不放 油菜胡萝卜碎没有可以不当	香菇泡发，切碎。 圆葱，胡萝卜，油菜切碎备用 热锅酱油加入圆葱碎，牛肉丁翻炒变色加料酒，酱油，蚝油。胡萝卜丁炒均匀。关火。 电饭锅量杯半杯米 少放一点紫糯米，没有也可以不放。 电饭锅粥裆，放入洗好的米，按照标准粥的水量放水。 我这个电饭锅是虎牌JAG-S18C，4L，三四口人可以选再小些的三升。虎牌经典款，很少量米也可以做。 中间加入炒熟的牛肉，快好的时候加入蔬菜碎和一个搅拌开的鸡蛋。煮开即可。 牛肉可以选嫩的上脑和牛子盖，里脊。
入门级蔓越莓曲奇饼干	120-150克低筋面粉 50克糖粉 10克奶粉 70-80克黄油 40克蔓越莓 1个（带皮50克）鸡蛋	准备好所有食材。低粉和奶粉过筛，蔓越莓切碎，黄油软化到手指可轻易戳洞但不融化。 软化好的黄油加入糖粉。 用打蛋器打发至黄油体积膨胀，颜色变浅。 鸡蛋用蛋抽搅散。 分2-3次加入打发好的黄油中，翻拌均匀，一次性加进去容易油水分离。 加入蔓越莓碎，过筛后的低粉和奶粉，先用刮刀翻拌均匀。 再下手捏成面团，不要过度揉，面团会起筋，成品不酥脆。 包上保鲜膜或油纸放入U形模中整理出造型，没有模具的也可以徒手整形。或者搓成圆形，自己喜欢就好。 放入冰箱冷冻1小时左右冻硬，好切片，但是也别太硬切不动掉渣。或冷藏2小时左右。 取出来撕掉保鲜膜切成 5cm-1cm厚度的片 中间留空隙，摆到烤盘上。 放入预热好的烤箱，上下火170度烤15分钟左右。切的厚就多烤一会，薄就少烤一会。温度和时间根据自家烤箱脾气调整。 出炉啦，好香。刚出炉有点软，放凉就是酥脆的了。简单快手又好吃😋
浓郁榴莲冰淇淋	200克榴莲 50克奶油 60克糖 50奶油奶酪 100克牛奶	所有材料用搅拌机混合均匀。 放入冰淇淋机一个制作流程。 完毕。 可以再冻硬一点吃
春灌(鸡蛋灌肠)	6个鸡蛋 1条粉肠 适量胡椒粉 适量盐 1个漏斗 适量线	用小盆盆放入鸡蛋，加入盐、胡椒，充分搅拌均匀（鸡蛋打的时间越长，春灌韧性越好哦）用漏斗将鸡蛋液倒入粉肠中。（记得倒之前先用线将粉肠其中一头扎稳，然后全部灌入，不可灌的太满，不然后期会爆开，灌完后封住，再从中间分成几段扎，可以防止其中一段有地方爆开了，其他部分还完整）。TIPS：蛋液太多泡泡时，记得先让它安静会，不然会出现空心肠哦～ 冷水冷锅放入蛋肠，用中火加热，水沸腾后，调成小火，要时不时晃动一下它，避免它粘锅，因为粘锅也会爆开～这时候就考验你的耐心了。 当粉肠颜色开始变深，鸡蛋颜色开始变浅，就要留意了，稍微用筷子横压一下，看看里面的蛋硬了没，硬了就说明熟了。当然，我说的硬不是石头那种，就是压起来感觉不是液体状即可。我大概煮了15分钟，我怕不熟。煮太久也会爆哦～所以不要太久了，鸡蛋是很容易熟的。 放凉之后切成一小段一小段，可以拿来炒，可以拿来煲汤～ 我喜欢拿来煲汤，丢进汤里，汤一沸腾就可以关火了～煮太久，它会变得像老太太。噔蹬蹬，是不是很像铜锣烧或马卡龙～我可是超级爱吃的哦～
蔬菜炖牛胸肉	食材： 382克牛胸 1个白洋葱 4根有机胡萝卜 1把四季豆 3个大个蘑菇 调味料： 3片生姜 3瓣大蒜 1块牛肉高汤块 1片香叶 一小撮肉豆蔻粉末 适量黑胡椒	牛胸肉洗净用水果刀戳洞，表面撒盐胡椒按摩致吸收。平底锅高温将牛胸肉表面煎黄微焦，同时起一锅水煮开。水量以可以眼膜牛胸肉为准。 牛胸肉入开水，加入牛肉高汤块，生姜，大蒜，盐和黑胡椒。投入白洋葱段和胡萝卜段（蔬菜切大块才能久煮不烂） 小火加盖，炖煮1小时三十分钟后，加入一片香叶，投入四季豆和蘑菇，继续炖煮15分钟。 牛胸肉取出，逆着肉的纹理切片，再丢进锅中煮，现磨肉豆蔻入锅。 待水分酱汁浓稠的时候停止加热，不揭盖子等十分钟。 期间可以煮意大利面或者热一些面包。
陈氏泡菜	200g白萝卜 200g心里美 200g西瓜皮 200g胡萝卜 200g大白菜 100g盐 80g白醋 适量姜 30g小米辣 清水	所有食材用清水多洗几遍 白萝卜，心里美，胡萝卜，西瓜皮，切成小丁 白菜整颗切成四份 把盐放入一大碗清水中融化，备用 姜切片，小米辣切段！ 把所有食材放入准备好的器物中， 放入姜片，小米辣，和食材搅拌，混合在一块， 然后把盐水加入，醋溜边加入 封口，放入冰箱，腌制几天即可食用（5天为宜）
蛋白炒泡面	3包泡面 3个蛋白 2个尖椒 小半个洋葱 适量盐 适量味精 适量生抽	泡面拆开入开水煮软（煮的时候加了一包泡面调料味） 煮软后把泡面捞起来冲冷水（冲冷水会让泡面更Q弹）（留一小碗煮的泡面汤） 先把蛋白炒固定 锅加油烧热加入尖椒，洋葱，蛋白翻炒十几秒就可以加入泡面 全部材料都入锅翻炒，加入刚刚留的一小碗泡面汤，翻炒一会加入盐，鸡精，生抽继续翻炒（翻炒时加双筷子一起翻炒，泡面会更松） 加点切好的水煮蛋。完美！
低糖不腻的酥皮葡式蛋挞	2个鸡蛋 25克白砂糖 60克淡奶油 6个7式挞皮 100克牛奶	糖和牛奶隔热水搅拌至砂糖完全融化 鸡蛋尽量打匀至蛋液状态，加入到步骤1中的甜牛奶中搅匀 加入淡奶油搅匀 搅匀后的蛋挞液过筛两次 同时将冷冻挞皮放在室温下几分钟 将过筛后的蛋挞液（差不多200ml）加入挞皮里，9分满 烤箱180度预热，烤23分钟。（我的是风炉烤箱，没有上下火。自行调整时间，蛋挞上色至这种状态并且挞皮不要糊掉就可以了）
🍢家庭自制版串串香🍢	食材： 500克猪里脊 1块鸡胸 200克掌中宝 300克脆骨 1个土豆 1根莴笋 少许木耳 腌料： 辣椒面 干辣椒 白胡椒粉 小茴香 孜然 烧烤蘸料 3段葱 3片姜 2个蛋清 半小勺盐 1小勺蚝油 2小勺淀粉 1勺食用油 1勺料酒 底料： 海底捞手做火锅底料	准备食材 我只买了平时爱吃的几种肉菜 猪里脊 鸡胸 脆骨和掌中宝 鸡胸和猪里脊切成长条的形状（看自己喜好吧 切成什么样都行 就是别太大也别太小就好） 之后就是准备腌料啦 在用料表里没写腌料中干料的具体克数 大家可以看我上边的图片哈 这是是腌两盘肉的料 腌料中调料部分的用量 以上两张图是腌料中的调料部分的用量 大家可以参考哈 腌完长这样 然后就可以把它们放冰箱啦 大概腌两个小时可以 趁着腌肉的时间可以把素菜准备一下哈 之后就是串串儿啦 这么多串儿 串的我手疼死了哈哈哈 给大家展示一下成果 火锅底料我自己加了一些葱 姜和辣椒 因为一般的火锅底料都不是很辣 所有自己加了超级辣的辣椒哈哈哈 最后就是开吃啦 希望大家吃的开心喔 么么哒🤪
溜肉段烧茄子	1个茄子 三大勺淀粉 适量猪肉（里脊、梅花） 2勺酱油 1勺料酒 适量盐 半勺白醋 1勺蚝油 适量糖 半根（可换红椒）胡萝卜 适量葱 2瓣蒜	淀粉加入水搅拌均匀沉淀备用，沉淀好倒出上面的清水，就可以裹肉了。辣椒、胡萝卜切好备用。 肉切成小块备用，也可以切成条。裹上沉淀好的土豆淀粉，小火慢炸哦。 茄子上裹上淀粉，炸完肉炸茄子。 炸好的茄子和肉再用大火复炸一次。 调料汁，酱油、蚝油、白醋、白糖，可以少加入一点胡椒粉。接下来放入淀粉和水搅拌匀均备用。可以用舌头尝一下味道，稍作调整。 锅内重新烧油，放入蒜炒香。下入备好的辣椒和胡萝卜、葱，炒到变软后倒入调好的料汁，料汁冒泡后倒入炸好的肉段和茄子。收汁盛出。 开吃吧，虽然油比较大，偶尔吃一次并不罪过呀。
旺仔小馒头(酥到骨子里)	110g黄油 1个鸡蛋 160g玉米生粉 30g低筋面粉 50g白糖 20g玉米油 10g奶粉	黄油软化，加入白糖后用打蛋器打发，大约5分钟左右。 在打发后的黄油里加入鸡蛋液后继续打发2分钟，然后加入玉米油打发均匀后，把玉米生粉，低筋面粉，奶粉混合好后加入搅拌均匀，再把它们揉成一团。 把揉好的面团搓成小圆球摆放在垫有锡箔纸的烤盘上。烤箱预热5分钟，把揉搓好的小馒头放入烤箱，上下火180度，烤18分钟。
柔软的草莓酸奶蜜豆面包	500克王后高筋面粉 100克蛋液 280克牛奶 4克盐 50克细砂糖 5克酵母 20克雀巢炼乳 40克总统黄油 20克草莓粉	除黄油外所有食材全部放厨师机中  厨师机中速搅拌无颗粒，无干粉，大约12分钟 最后加入黄油搅拌约7分钟 面团搅拌好开始进行第一次发酵  30分钟 第一次发酵好的状态 开始整形，铺蜜豆 加入酸奶芝士 烘烤上火200度，下火180度 10分钟 趁热吃或者放冷吃，酸奶芝士的口味非常浓郁，都非常棒，
养护肝脏的五色玉娇	山药	养护肝脏的五色玉娇   俗话说喝酒伤肝，相信很多人都会为此而担心，这个问题很好解决，只用五分钟就能做出一道营养丰富，非常美味的菜，最重要的是能有效缓解喝酒过多，出现的肝脏不适。这道菜有五种颜色，在营养学上讲食物多样是非常重要的，五种颜色的食材可以让我们的营养更为均衡。   有白色的山药，可以清除血管中和肝脏中多余的脂肪，还含有多酚类物质，可以促进消化吸收。另一主料是黑色木耳，木耳含有大量的胶质可以带走肺内的有害物质，木耳中的卵磷脂和多糖可以清除血管中多余的油脂。   除了一黑一白，另外就是青椒和彩椒，青椒富含丰富的维生素C，最后还有一红就是瘦肉，含有丰富的蛋白质，并且易于消化。   接下来用适量的料酒、盐和淀粉来腌肉，让肉片去腥嫩滑，抓匀备用，山药切成菱形片，为了防止发黑，放到更多专业特色小吃技术请看 qq329209338 空间柠檬水里浸泡，然后将青椒和彩椒也切成和山药差不多大小的菱形块。 接下来往肉里滴两滴油，这样在滑肉的时候就不会粘锅，往锅里放少许油，将肉片炒制七分熟盛出备用，然后再倒入少许油，放入葱姜煸炒两下，接下来先放山药，然后放木耳，再加一点白醋可以让山药更脆，然后放入青椒和彩椒，炒到八成熟的时候加少许盐，倒入滑好的肉片，翻炒两下就可以盛盘出锅了。
甜甜的蒜苗肉丝（好吃）	1把蒜苗 适量肉丝 适量生抽 适量料酒 适量淀粉 适量糖 适量盐 适量鸡精	蒜苗洗净切段备用，肉切成条放小碗中，然后倒入少量料酒，生抽，和淀粉，搅拌均匀腌制10分钟 锅热倒油，然后倒入肉丝翻炒至变色盛出备用 锅内重新倒油，油热后倒入蒜苗翻炒，会闻到蒜苗的香气 关键步骤是要多翻炒一段时间至香气慢慢淡去，看上去也干瘪一点了以后再倒入肉丝进行翻炒，加盐、少量生抽和糖、鸡精进行调味 翻炒均匀后，即可出锅装盘了
舒芙蕾松饼	2个鸡蛋 40克牛奶 20克细砂糖 10克玉米油 45克面粉	蛋清蛋黄分离，蛋黄加入牛奶，玉米油，搅拌均匀。筛入面粉，Z字搅拌至无颗粒状态。 蛋清分离入无油无水的容器，滴入柠檬汁，白砂糖分三次加入，打发至硬性发泡。 蛋白霜和蛋黄糊混合均匀，纸杯蛋糕的纸杯内壁刷上薄薄的一层黄油，每个杯子倒入大概四分之一的蛋白蛋黄混合液。 烤箱170度预热5分钟，放入纸杯，烤15分钟。出炉后倒出舒芙蕾，撒上糖粉，就可以吃啦，松软可口，香甜好吃。。。
尝尝春天～香椿饺子	200克香椿 300克猪肉 1个鸡蛋 3克盐 3克白砂糖 1勺蚝油 1勺生抽 1勺麻油 一点点五香粉 50张饺子皮	叮咚上买的夹心猪肉馅料，加鸡蛋，盐，白糖，蚝油，生抽，还有一点点五香粉，家里没有姜了，叮咚上居然也没有，只能放点五香粉去腥，，搅拌均匀 搅均后的肉馅，放置在一边，接下来处理香椿芽 香椿芽洗干净理整齐，把前端的头切掉，然后切成细 这样就可以啦，切好后把菜放到肉馅里，在菜上淋些麻油，有利于锁住菜里的水分 搅拌均匀，香椿肉馅就拌好啦 饺子皮也是买的，原谅江南人氏实在不擅长擀饺子皮，这个皮我是觉得挺好吃的，筋斗煮不破，，包饺子🥟过程就不描述了😂多包点速冻起来，对上班狗来说比较方便 包好煮了几个，吃到差不多忽然想起来应该也拍个照🤥香椿香香脆脆，肉有一点点柴，但是肉香味十足，看来拌馅儿还是用葱姜水更好，加点水肉馅就没有柴的感觉  
蜜桃罐头	5个，大概600g桃子 70g克冰糖 适量水	桃子洗净，控水 去皮，切成块状 锅内放入水和冰糖，煮开 加入桃子大火煮开后转中火，煮30--40分钟，这一步超级考验耐心，不要问我为什么🤣中间加了两次水，这个根据个人喜好添加 最后可以尝试口感，喜欢甜的再加冰糖，喜欢软可以再煮久一点，我喜欢吃软趴的，煮到桃瓣透明，没有发白的地方就可以了 酸酸甜甜的，很好吃，温度降下来后倒入保鲜盒，放冰箱冷藏后口感更好
奶糖	克18奶粉 30g棉花糖 8g黄油	不粘锅加黄油，小火融化，倒入棉花糖，用刮刀翻拌至糖油混合均匀 加入奶粉，翻拌均匀，关火，将糖块移到案板上，多揉几下，用方形烤盘整形，冰箱冷藏至喜欢硬度，切块，用油纸（或糖纸）包好
奥尔良烤鸡肉卷	若干鸡腿 少许料酒 少许盐 适量COOK100新奥尔良烤翅料 少许蜂蜜	准备好上述所需食材。 鸡腿去骨，洗净，用牙签扎若干小孔备用。 将奥尔良烤翅调料用清水调匀。 鸡腿放入调好的奥尔良烤翅调料汁中，加入适量盐和料酒，拌匀，冷藏过夜。 腌好的鸡腿放在锡纸哑光的一面。 卷紧的鸡腿卷，放入预热200度的烤箱中，烤30分钟。 烤好的鸡肉卷，去掉锡纸，刷蜂蜜，180度上火烤10分钟。 最后烤好的鸡肉卷，晾凉切厚片即可。
杏酱的制作	500g杏 150g糖	洗杏、取出沥干后去皮对开，取核 加入白糖，搅拌拌匀，(糖量可以根据个人口味增减)静置15到30分钟(天热放入冰箱冷藏腌制) 小火慢熬，烧开后，撇去浮末 继续用最小火熬制，不停搅拌，直至酱汁变稍稠、果肉完全软化 装瓶后，倒扣瓶子，放凉后再放入冰箱里冷藏。 天太热，直接放入一勺杏酱再加点冰块和苏打水，那味道简直妙极了，如果觉得酸还可以放点糖
《周末开饭》第2道 烤红薯&烤吐司	3个红薯 200g高筋面粉 100g水 1只鸡蛋 15g糖	1，混合好，等发酵成1倍大；拿面团按压排气，将吐司盒里面刷一层油，待用； 2，洗好红薯表面。 3，烤箱：预热（上180度，下160度）；烤箱定60分钟； 4，预热好先放入红薯烤，20分钟后将吐司盒也放入烤40分钟。 成品 成品
土豆丝饼	3个土豆 一小勺红薯粉 少量黑胡椒粉 适量植物油	土豆洗净刮丝，注意不要泡水里 加切好的小葱，红薯粉少量，黑胡椒粉拌匀 锅中倒适量油，油热后放入土豆丝摊平 小火煎至两面金黄即可 起锅，ok
葡萄干凉糕	350克牛奶 50克细砂糖 70克玉米淀粉 适量苹果 适量葡萄干 适量椰蓉	除椰蓉外的所有食材放入锅内中小火煮至沸腾。 沸腾后转小火，全程不停的搅拌直至粘稠。 取一容器，我用的是不粘模，底部洒上一层薄薄的椰蓉。 倒入容器内，抹平表面，放入冰箱冷藏。 冷藏好后用小刀切成小方块，裹上椰蓉即可。也可用模具印成自己喜欢的样子。
酱黄瓜钮	2斤黄瓜钮 1斤生抽 2勺醋 100克盐 1匙糖 1勺白酒 4个八角 1段块桂皮 1块姜 15粒青花椒 3个红干椒	二斤黄瓜钮洗净，用盐杀水，用重物压上，两天一夜 杀出的水倒掉，放有阳光的地方晒， 晒一两天，阳光强烈一天就可以，晒蔫了。 锅里放酱油，姜山片，糖，醋，桂皮，八角，青花椒，红干椒，小火煮开，加蒜瓣，开三四分钟关火，晾凉。 把黄瓜钮装在坛子里，酱油凉了倒进去，上面盖保鲜膜，再盖强盖子，常温保存。两三天就可以吃了。
苦瓜柠檬酿雪碧	根苦瓜 瓶雪碧 个柠檬 枸杞 蜂蜜 食用油	首先需要准备：苦瓜 雪碧 枸杞 蜂蜜 柠檬 食用油 首先将苦瓜切开 去瓤 切成小片备用 柠檬切片 碗中加枸杞 用水泡开 锅中加水 烧开之后滴入少许的食用油 使苦瓜保持翠绿的色泽 加入苦瓜焯水 15S之后捞出 并用凉水泡5分钟 碗中加入泡开的枸杞 冲凉后的苦瓜 柠檬片 蜂蜜 雪碧  立马用保鲜袋密封 放入冰箱冷藏三个小时（或者更久）后 就可以开始食用了 一口苦瓜 一口雪碧 透心凉还清爽  而且丝毫没有苦味哦
银耳炖桃胶雪燕皂角米的做法	各15克银耳、桃胶 各4克皂角米、雪燕 10克冰糖 5克红枣 各2克陈皮、姜	1．皂角米、雪燕、桃胶这三种提前一晚泡发，银耳泡发后剪去黄色根部，撕成小朵，越小越好，桃胶、雪燕泡发后剔除里面黑色杂质。  2.砂锅倒入适量水，烧开后加入银耳和红枣，大火烧开转小火，炖20分钟，中途稍微搅一下锅。  3.加入皂角米炖20分钟，大火转小火中途搅锅防止粘锅。 4.加入桃胶炖10分钟。 5.最后加入雪燕和冰糖，炖20分钟。一碗浓浓的银耳炖桃胶雪燕皂角米出锅啦！
剁椒鱼头	一个，最好下面带点肉（至于鱼头的大小看家里人口而定，1500克左右）鱼头 200g剁椒 2－3个，略微辣，不要辣的可以不放。小红椒 1把，绿葱白葱各有用处小葱 8－10粒，喜欢的多放点大蒜 30g生姜 2勺料酒 1小勺醋 适量盐 2大勺酱油 少许，提鲜白糖 1大勺香油 2大勺（喜欢辣的可替换成辣椒油）色拉油 2小勺蚝油或者蒸鱼豉油 20粒花椒 1粒八角 5小把香菜	处理和腌制鱼头：菜市场让老板将鱼头洗净切好，自己洗净，去掉黑色部分。 接下来研制鱼头，放入一勺酱油、一勺料酒，一勺蚝油并用适量的盐将鱼头里外抹匀。放置一旁腌制10分钟左右使鱼头初步入味。 准备调料。 香菜。 八角和花椒。 将生姜切片铺在托盘上。 调制酱料，倒入200g剁椒，放入切好的葱白末，生姜末，大蒜末。再加入一勺蚝油，一勺酱油，一勺料酒，少许白糖，一小勺醋，少许胡椒粉。最后根据个人口味，可以再加入盐，喜欢咸的多加点盐。 将拌好的剁椒调料均匀地铺在鱼头上，放入水已烧开的蒸锅中。用旺火蒸上10－12分钟，视鱼头大小而定。 将葱花撒在蒸好的鱼头上。将炒锅里加入色拉油，喜欢辣的加辣椒油，再加入花椒以及八角炒香，炒制出香味捞出，再加入香油烧热。最后，趁热浇在葱花上面，香味扑鼻。
猴头菇三丝炒饭	干猴头菇1个（小的） 紫茄子1个 胡萝卜半根 青瓜半根 藜麦饭1碗 植物油适量 禾然有机豆瓣酱1勺 禾然有机酱油适量 黑白芝麻少许	干猴头菇1个用温水浸泡至柔软后，用清水洗净撕成小块。 茄子洗干净后切成丝。 胡萝卜洗干净用刨丝器刨成丝。 青瓜洗净后切成丝。 准备就绪，现在开始炒饭啦！将锅烧热后倒入适量的植物油，放入猴头菇煎炒至出香味。 然后放入茄丝翻炒片刻，放入1勺禾然有机豆瓣酱继续翻炒至茄丝变软入味。 翻炒均匀后放入藜麦饭，继续炒至米粒松散。 然后放入胡萝卜丝和青瓜丝翻炒，并倒入适量的有机酱油继续翻炒大约1分钟即可。 出锅装盘并撒上黑白芝麻就好了。 香喷喷的炒饭就完成啦！
芝麻海苔香酥蛋卷	55g普通面粉 2个鸡蛋 50g植物油 35g糖 1.5g盐 适量（多放点好吃）海苔（我用的是做寿司的海苔粉） 一小把黑芝麻 一小撮鸡精（提味）	鸡蛋打入盆中，加入糖搅拌均匀，倒入植物油，充分搅拌，放盐（海苔有咸味，请大家酌情放盐），放鸡精（很奇葩是不是，但是，不要怀疑！稍微用你的食指和拇指捏一撮就好了），拌匀。 面粉过筛，倒入①中，拌匀，加入海苔粉（如果没有海苔粉，就把海苔剪碎就好）、黑芝麻。 蛋卷机放在燃气灶上加热，转小火，勺一小勺面糊慢慢的压，然后再用力压，这样做出来的蛋卷不仅好看又薄，卷起来又好看，关键又酥又脆！！！
史上最简单烤箱“料理”之烤土司条	土司片适量	烤箱上下火200℃预热五分钟 土司片切条，尽量均匀 将它们码好放进烤盘里面，送入烤箱。170℃中层上下火开烤。烤25分钟。出炉，开吃or装袋。
连锅都恨不得端嘴里的地锅鸡	2片香叶 4个干辣椒 20粒花椒 1个八角 10瓣蒜 少许盐 2勺生抽 150克面粉 半根大葱 半只鸡 1块桂皮 冰糖4小块糖 1个青椒 1勺料酒 一大块姜 少许水 1勺老抽 1勺耗油 少许食用盐 少许食用油	容器内加入150g面粉，3g盐增加面粉韧性，清水75克，面粉与水按照2:1比例，用筷子搅拌成絮状，揉成光滑的面团，然后醒发20分钟左右即可。 把所有材料准备好，红椒青椒切块状，图内未出现的其他的也洗好备用。 锅内放油，多放点食用油，把蒜子倒入，炒香盛出备用。 放入各种配料进去炒香，倒入鸡块，加入生抽，老抽，料酒，蚝油，盐等，加入冰糖炒到鸡块变金黄色，倒入没过鸡块的水，中小火煮20分钟左右。 在中小火煮鸡的同时，把醒好的面团分成小剂子，搓成圆形，然后放入清水里，让面团充分吸收水份。 鸡块煮了20分钟左右的时间后加入青红辣椒，加入之前炒出香味的蒜子，翻炒均匀，然后把小面团用手撕成牛舌状，一半浸在汤里，一半沾在锅上，继续中小火煮15分钟左右，然后撒上葱花即可食用。 这就是最后的成品了，主要我中途觉得水太多我倒了一些汤汁，导致汤汁所剩不多了，毕竟我第一次烧这个菜，下次就有经验了。
鱼头豆腐汤	一个鱼头 一大块豆腐 片姜 勺料酒 干葱姜 克盐 一小块肥肉	鱼头清理干净，锅里热油将鱼头两面都煎一遍 将煎好的鱼头拨置一边，放料酒，放葱姜蒜肥肉片，出香味后，倒水，大概跟鱼头齐平 放盐，放焯烫好的豆腐，切成小块 大火煮，鱼汤慢慢成奶白色了
早餐三明治	二片面包 一个鸡蛋 一勺沙拉酱 一片芝士片 半个牛油 一根蟹棒	面包片用锅煎一下，放上芝士片，牛油果🥑撒上黑胡椒和盐，铺上煎好的鸡蛋和蟹棒，最后挤上好乐门蛋黄酱，漂亮👍
宝宝辅食 鸡肉松	1块鸡胸肉 1片柠檬 三片生姜	柠檬腌制鸡胸肉 10分钟这样 切小块焯水 去浮沫换清水 煮熟 捞出来 放在保鲜袋里 之前焯水 忘记拍了 用擀面杖锤 锤松软 （我的经验 就切小块使劲锤 就不需要手撕了） 但手撕的好处是看起来比较蓬松 放进锅里炒干 搅拌机打碎 根据自己家搅拌机确定打碎的时间 我这个是四十秒的状态 1-3分钟 基本可以 很蓬松 但是拍不出感觉 我又不卖货 单纯的分享做饭 所以将就看哦 
苏格兰黄油酥饼	180 克低筋面粉 125 克黄油，发酵黄油最佳 60 克糖粉	准备材料：  黄油室温软化， 将烤箱预热至170摄氏度 / 340华氏度。 将黄油与糖一起打发。 打发成这样，蓬松发白。 筛入面粉。 使用橡皮刮刀翻拌至刚好均匀。不要过度翻拌，防止面筋生成。 如果用派盘或蛋糕盘烤制酥饼，薄薄的刷一层融化的黄油，之后薄薄撒上一层面粉。 将面团放至盘中，盖上一层保鲜膜，并用手均匀铺开到1厘米厚。 将薄膜拿开。用叉子均匀的扎上小洞。确保一直扎到底。 在预热的烤箱内烘烤至稍稍上色，大约15-20分钟。  稍稍放凉并脱模。用比萨滚刀切块。 完全放凉后享用。
双拼轻乳酪蛋糕	一块巧克力轻乳酪蛋糕 一块香草轻乳酪蛋糕 适量可可粉 适量糖粉	将巧克力轻乳酪蛋糕弧形处切一下来，做法https://www.xiachufang.com/recipe/104382110/?group=share_title_a 将香草轻乳酪蛋糕弧形处切下来，做法https://www.xiachufang.com/recipe/104396671/?group=share_title_a 拼在一起，顶面撒粉，ok了。
番茄🍅鸡蛋卷	4个鸡蛋 1个西红柿 适量盐 适量糖 1汤匙料酒	4个鸡蛋打散，两人量 西红柿1个，中间部分划开，热水烫2分钟待用 去皮待用 糖适量 盐适量 芝麻适量 烧热平底锅，倒入适量油，放入鸡蛋糊，切记小火哦 第一张煎好后依次再倒入鸡蛋糊，卷起继续倒入糊直到完成，出锅后就是卷状，切开装盘👌
清炒土豆片-快手素菜	2个土豆 适量盐 适量植物油 少量葱花	中等大小土豆2个，去皮 切片。 关键点：用清水漂去表面的淀粉。两遍水就清了。 倒掉水，用厨房纸吸去表面多余的水。 热锅热油倒入土豆片，大火颠锅，表面半透明的时候撒盐，撒一把葱花，再颠两下，出锅。 完成。清爽，不黏糊，跟餐厅的卖相很接近了。
在家做香葱肉松面包卷，比买的还好吃！	150克高筋面粉 50克低筋面粉 25克糖 2克盐 25克蛋液 10克奶粉 95克纯净水 3克酵母 18克黄油 适量葱花 适量白芝麻 适量蛋液（刷表面） 适量沙拉酱 适量肉松	准备好所有食材 白鲨高粉，低粉，澳优珀淳奶粉 纯净水 蛋液，糖 盐 酵母一起加入厨师机桶内 揉出结实的薄膜即可 面团松弛30分钟，擀成方形，放入烤盘中，然后放进烤箱，旁边放一碗热水进行发酵 发酵到原来的两倍大后，表面用叉子扎孔 刷上鸡蛋液，撒上香葱和白芝麻 送入烤箱150度烘烤25分钟左右 出炉后倒扣在冷却架上，表面盖一层油纸，防止水分流失 凉到手温的时候，用小刀在面包片上切数条小口，不要切断了，再挤上沙拉酱，撒上肉松 再卷起来，放置两个小时定型 切掉两头不规则的边 侧面抹上沙拉酱 再沾上肉松 成品图 成品图 成品图 成品图
隔夜燕麦	酸奶 快熟燕麦	一层酸奶一层燕麦 点缀黑芝麻核桃
咖喱明虾	1/3 罐椰浆 100ml牛奶 4 只大明虾 1 只青椒 1根胡萝卜 半只红椒 50克泰国咖喱 300ml水 少许糖 一勺淀粉 一块生姜	把咖喱，椰浆，糖加入水中先烧酱汁 大明虾，洗净，开背去筋。 开中火，把生姜煸香，然后把大明虾煸透 煸虾的时候，就将胡萝卜切块，煮烂 等大明虾煸好，倒入1的酱汁，加胡萝卜，青椒块红椒丝，开大火煮。快收汁时放入水淀粉调成喜欢的浓稠度。 大火收汁，最后浇上牛奶或淡奶油。把虾成出摆好造型，将酱汁和其他的配料盛出装入盆中 配料大合集
酿豆腐	20只豆腐 1斤猪肉 1个胡萝卜 半斤何兰豆 2根热狗 半斤米饭 适量生抽 适量盐 油	材料放油盐一起煮 煮好了就拿豆腐开始酿豆腐然后蒸
红色发财糕	600克发糕粉 300克白糖 550毫升水 一丢丢红色素	先把白糖加水溶解了，再把发糕粉用牙签打湿了粘丁点儿红色素，不要多，不要多，不要多，全部混合均匀，颜色就比火龙果皮深一点就可以了。 用杯子上宽下窄的，一定要装满和杯口持平发起来才好看，水开了下，大火二十分钟就蒸好了。 红红火火是不是好漂亮呀！
芒果奶昔	1只芒果 250ml牛奶	选用大支熟的好的芒果 切丁备用 倒入料理机 加入鲜牛奶 用料理机反复打4-5次 倒入颜值高的杯子，摆个拍就可以喝了
手工抹茶牛轧糖	55g棉花糖 35g花生 10g黄油 25g奶粉 4g抹茶粉	花生用烤箱烤脆、烤熟~大概180度，中层，3分钟~烤熟后去皮，稍稍碾碎备用~不碾碎也行，不过切的时候要困难点~ 棉花糖，黄油~微波炉高火，30秒（ 视微波炉功率定，看着棉花糖变大涨高就拿出来搅拌，还没融化的话再加入微波炉加热一下，总之棉花糖刚融化并且顺滑后停止。不用能微波炉加热过久，不然会糊 融化好的棉花糖和黄油混合物搅拌均匀，趁热加入奶粉，搅拌均匀~此时如果棉花糖又很快凝固了的话，再加入微波炉加热几秒将其融化~=。= 丹麦这儿零下几度。。很快糖就凝固了。。折腾死我了 均匀后加入花生同样混合均匀~ 混合物快速倒入抹了油的容器中~注意，一定要进行防粘处理！不然您就等着洗吧洗吧=。= 容器用黄油抹，再撒上奶粉~我用的乳酪蛋糕模，不沾Y^ ^Y 趁热（整个过程要保证混合物没有凝固哦）倒入容器后，手抹油，把混合物压实，将其冷却后放入冰箱冷藏大概30分钟，待其变硬后切块，撒上奶粉防粘，食用~剩下的放入保险盒密封或者用糖纸包上,放到阴凉干燥处保存
面疙瘩	100克面粉 50克水	水、面粉放入主锅 30秒/速度3，混合 2分钟/揉面键 取出，揉成团，盖上保鲜膜醒10分钟 搓成细细的长条，切成小剂子 如果粘手就撒点干粉 小剂子是小小的哦^_^ 取一个小剂子，放在蒸盘上，用手指边按着边搓，做成一个面疙瘩 漂亮的面疙瘩 准备好的面疙瘩，撒点干粉防粘 配上喜欢的菜，做成美味的疙瘩汤^_^ 趁热享用～
虾皮味精 #转菜谱#微博 @王大厨	虾皮1小碗	看图 看图 看图 看图 看图 看图
自制猪肉烤串（烤箱版）	适量食材：猪五花（肥瘦相间） 切块食材：圆葱 切半片食材：胡萝卜 切块食材：彩椒 适量盐 适量料酒/啤酒 适量黑胡椒碎 适量孜然粉 适量食用油 适量芝麻 适量番茄酱 适量酱油 适量白糖 适量香油 少量泡打粉	        将五花肉切块，圆葱和胡萝卜切块，如果有彩椒和青椒也都切块，将调料和食材都放在一起腌制。         大概半个小时就可以了～用签子把肉和其他素食串在一起，如果没有签子，可以用牙签呦～我之前用过牙签的。 烤箱预热3分钟，放入烤肉模式（我家烤箱烤肉模式是200度，上下烤，风扇模式），烤12分钟左右，用烤架烤，别用烤盘哦。记得用锡纸铺在加热管下面，不然烤箱很难处理干净。
元气蒸丨陈皮豆豉蒸青斑鱼	青石斑鱼1条（500g左右），潮州豆豉2茶匙，盐1/4茶匙，黑豆原汁酱油10ml，植物油20ml，陈皮1片，生姜1小块，小葱1根，小米辣1根	新鲜现杀的石斑鱼刮掉鱼鳞，摘去鱼鳃，剪掉牙齿（是鱼腥味的重要来源），去掉内脏，刮除腹内的黑膜，流水下冲洗干净。给大家看看它的舌头…我也是第一次发现长成这样。 鱼身打花刀，便于入味，上锅蒸时热胀冷缩也不容易将鱼皮扯破。在鱼身和鱼肚内面抹上薄盐。陈皮用热水泡软后刮去白瓤、切丝，生姜也切丝。陈皮和生姜丝一半铺在鱼身下，另一半填入鱼肚内。 撒上炒香的豆豉，淋上黑豆原汁酱油和5ml植物油。水开后，上锅大火蒸8分钟，焖2分钟。 出锅，撒上辣椒碎和葱花，起油锅将剩下的15ml植物油烧至冒烟，迅速淋于鱼上，激发葱香。
圣诞宝藏甜甜圈蛋糕	100G金龙鱼糕点用小麦粉 2个全蛋 80G黄糖 20G葡萄干 20G蔓越莓 20G桔皮丁 100G混合坚果 3G肉桂粉 1.5G泡打粉 100G黄油	1、所有材料称出来备用 2、葡萄干 、蔓越莓、桔皮丁用朗姆酒泡软 3、全蛋+黄糖混合 4、用打蛋器打到糖完全融化 5、糕点用小麦粉+肉桂粉+泡打粉，筛入蛋糊，拌匀 6、黄油融化后放到低于手温，再倒入面糊中拌匀 7、拌好的蛋糕糊放到冷藏冰10分钟 ，变稠后再拌拌匀 8、装进裱花袋里 9、裱花袋剪个约一公分的小口，把蛋糕糊挤入甜甜圈模具中，只用5分满就可以了，蛋糕会狠狠的膨胀的喔 10、把坚果和泡好的干果摆在蛋糕糊表面（不用压下去，烤的时候自然会下沉一点的喔） 11、烤箱预热到180度上下火，再把模具放进去，只需要12－15分钟就可以出炉喽 12、出炉 13、倒扣出来到晾网上 14、小小的甜甜圏，一口一口都包含了香香的肉桂，浓浓的果干，脆脆的干果喔 !~~ 香香的肉桂，浓浓的果干，脆脆的干果喔 !~~
零操作美味——砂锅红酒炖牛肉	500g肥牛肉 三四根小葱 几块姜 两把冰糖 适量白砂糖 一勺生抽 两勺老抽 一杯红酒 三只干辣椒	砂锅底铺开葱姜，切大块的牛肉铺在垫底的葱姜上。 放上一把冰糖，倒入酱油和酒。生抽老抽和酒比例大概1:2:7。 加入干辣椒和其它香料。 大火烧开小火炖煮一个小时，翻动，尝，添糖或酱油，再煮一个小时。 撒上葱花齐活！
康妈牌『黑三剁』	克猪肉300 100克青红椒 150克玫瑰咸菜 60克洋葱 10克生姜	准备食材。猪肉洗净绞成肉馅，玫瑰咸菜、青椒、洋葱洗净切丁。原本是想用青红椒的，红色的没买到暂时青椒代替啦。姜末我直接加在了肉馅。 锅内加适量油，烧至5成热，放入肉馅和姜末炒至变色，加入料酒和味达美炒匀，盛出备用。 锅中加少量油，倒入玫瑰咸菜丁翻炒至咸菜丁变干，盛出备用。 锅中加少量油，倒入洋葱，青椒，翻炒二分钟。再将炒好的肉馅，咸菜丁倒入锅中，加入适量老抽上色，翻炒均匀。 准备出锅。可以滴一滴香油，也可以省略，本身肉炒完已经有很多油啦～ 一道色香味俱全的康妈牌黑三剁出炉啦～ 拌在米饭、面条都超级下饭✌️
姜母鸭（红汤版）	半只（约800克）鸭 1块（约200克，依口味增减，如用鲜姜量加50%）老姜 3勺生抽 1勺老抽 100-150毫升啤酒 1根（可不加）红线椒	半片鸭化冻（我去掉了大部分鸭油），改刀切大块，鸭腿用刀划开，焯水后滤干备用。老姜洗净切片，干香菇泡发滤水后切条。 起锅加少量植物油到七成热下姜片煸炒至略微变色，中火，加少量鸭皮煸出鸭油（也可以不加，我是因为事先把大部分油片下来了才加了点儿，不喜欢鸭油味的可不加）。 下焯过的鸭肉继续煸炒，这时肉上带的鸭油出会渗出来。 改大火，加入老抽和生抽（1：3），翻炒至全部上色，不喜深色的，可以全用生抽5勺。本菜谱不加盐，全是酱油提味。 起沙锅，将第四步食材倒入，加入啤酒和泡好的香菇（可不加）和适量水。开锅后盖盖儿炖煮60分钟（视肉烂程度自己调节）。加了一根红线椒，增加点辣味（可不加） 关火上桌，香气四溢。
杂粮排骨粥（小炖锅0.6l宿舍一人食）	两三块排骨 红豆薏米比例大概1:1红豆 薏米 杂粮种类随意。绿豆 莲子 百合干 姜丝 两小颗，可选项冰糖 盐 一小条，可选项目橙皮	处理排骨，方法1，丢入冷水锅，等水沸腾后将排骨取出。方法2，提前浸泡几小时，去血水，中途换几次水。 杂粮的总量大概三四大勺，加入排骨和清水，如图。一般煮粥我的红豆薏米比例在1:1。 按开关，文火炖三小时左右，出锅前加盐调味。
花生酥	100克低粉 100克中粉 50克花生碎 140克花生油 100克细砂糖 15克蛋液 四分之一小勺泡打粉 八分之一小勺小苏打 小于八分之一小勺盐	花生油加蛋液，细纱糖，盐搅拌均匀。油糖基本融合在一起。 各种粉类过筛，倒进油糖混合液体里去。然后加花生碎。轻轻揉成团。静置十分钟。 然后包进保鲜袋里，用擀面杖擀成一厘米厚的均匀面片。切成大小差不多的块。我切的是5：3的比例。 表面可以撒些花生碎粒。再刷一层蛋黄液。 烤箱预热175度，成面烤十五分钟左右。各家烤箱温度差异不同，自己注意颜色哦。 鸡蛋黄的颜色越漂亮，成品就越漂亮！
低脂黑全麦大阪烧	1个鸡蛋 1片培根（或其他肉末） 1/2根胡萝卜 1把油麦菜（/包菜） 40克黑全麦粉 适量蛋黄酱 适量大阪烧酱	1⃣️半根胡萝卜切丁+1/4包菜切丝（我用油麦菜代替了 point：这个其实很简单的！喜欢什么菜，家里留有什么生菜加什么！注意别太多了）有肉加肉，全素也可以，培根丁或者腊肉，切成丁煎一煎备用  2⃣️40克黑全麦粉加蛋，酌情加水变【稠】糊糊，加8克零卡糖（白糖也可以），别加盐！！后面的酱料很咸的！！ 3⃣️ 面糊混合菜，肉丁，搅拌均匀，不粘锅中小火热锅，下丢丢油，倒入菜糊，转小火 point：因为要煎很久煎熟，所以不能太热了会糊！ 4⃣️ 两面各煎三分钟，盖上锅盖，翻面时用两个铲铲，小心不要破坏它！最后加丢丢水，盖锅盖，闷到水几乎快没了（和煎饺差不多！）加胡椒粉，关火  5⃣️ 装盘，一层蛋黄酱（我用的减80%卡路里的丘比蛋黄酱）一层大阪烧酱，再一层美乃滋。 有木鱼花的加上最好！我没有所以不加啦 这些酱料淘宝上应该都有，我在日本买的所以没有链接 大家加油呀(*^^*) *^o^*真的很好吃，而且很简单，可以处理掉家里的剩菜 
小伊的烘焙记录	用心 热情 正能量	阳光明媚的日子里  做个蛋糕吧！
自制草莓酱🍓-附食用方法	500g草莓 1个柠檬 120克白糖	称好冰糖（白糖也可以，重量相同）和草莓，草莓去蒂，去掉坏的地方 草莓切块（这一步可以在称之前就做好） 大的分三块，中等分两块，小的不用分 腌制3-5个小时，这一步不能省略！这一步可以将草莓的果胶析出，熬出来就是胶状的草莓酱，不是草莓酱糊 放入不锈钢锅中，挤入大半个柠檬汁，期间中小火，用勺子不停搅拌，并去除上面的涩汁，不去除草莓酱的口感会差很多 继续熬 当你感觉浓稠了，就用一碗清水（凉）滴一滴草莓汁在水里，如果是这种有点点散开的，就快好了，小火再三四分钟 如果滴进来是这种，一个小的凝固体，就可以关火了 玻璃瓶，用开水烫完倒扣，然后再将熬好的草莓酱趁热倒进去，封口 我的是700g，熬了这么多，熬完整个房间都是草莓的清香，有点醉 非常的漂亮，也非常的好吃，建议使用甜宝 或者红颜草莓，熬出来的草莓酱会比较好吃 最喜欢拿来做夹心杯子蛋糕🍰
茶布奇诺欧包（免揉）	100g新良全麦面粉 150g王后高筋面粉 10g如意博士茶粉 20g白砂糖 2g盐 5g酵母粉 15g橄榄油 190g牛奶	所有材料混合均匀，放入发酵盆，盖保鲜膜，放入冰箱冷藏发酵至2倍大，通常4小时即可，也可以直接过夜，最长发酵24小时。 发酵好后，面团取出，压扁排气，重新团成面团，面团收口向下放在烘培纸上。 用烤箱或在室温中进行二次发酵，放一杯热水保持湿度。发酵至1.5到2倍大。 撒粉，割包。 烤箱预热，180度，烤25分钟
松茸黄瓜汤	3棵松茸 1根黄瓜 2根小葱 1片姜 少许盐	准备食材 松茸洗净切片放入锅中，加入姜片和两碗凉水，开火，烧开后转小火慢炖20分钟 20分钟后加入黄瓜片、小葱、盐，关火盛出，鲜美无比的松茸黄瓜汤就做好了。
狗爪豆	500克狗爪豆 300克五花肉 适量蒜蓉 2勺黄豆酱/豆瓣酱	仔细的挑选了一些成熟点的豆子（个大颜色深绿为好），清洗干净 下锅大会烧开，小火煮30分钟，试一下能剥去表皮即可捞出，放水里浸泡过凉，开始剥皮 五花肉切薄片，豆子切段 锅里加入五花肉煸炒几下，出油后下蒜蓉炸香 ，倒进黄豆酱，倒进狗爪豆，继续煸炒，加入少许酱油调味即可
野米腊味煲仔饭	半杯野米 4杯大米 2根广式腊肠 1小块川式腊肉 一个鸡蛋 若干绿叶蔬菜 1勺老抽 2勺生抽 适量盐 适量糖 3勺水	野米因为比较坚硬，所以要在做之前至少半小时提前泡一下，泡好之后和大米一起混合均匀淘洗干净 煮饭加多少水呢，我用的是下厨房市集买来的东边五常大米，这个米粘性较大，加水时用手指接触米面，水加到食指的一半即可，开中火煮饭 煮到水分收干后转小火，能有多小就多小，盖上盖子继续焖煮 广式腊肠，腊肉都切好，蔬菜的话可以根据个人喜好选择油菜，菜心，芥蓝都可以，但是我没有，就切了个牛油果 腊肉把肥的一边靠近锅壁摆放，瘦一点的靠内扑好摆放，（这样蒸好的肥油就可以顺着锅子留下去还顺便养锅了呢）盖上盖子，继续用小火焖煮到腊肉肥的部分变成透明的，大概要10分钟左右 最后铺上牛油果，在锅中间磕一个鸡蛋 盖上盖子，关火，用余温焖20分钟 吃之前把生抽，老抽，盐，汤，水混合熬煮均匀，浇到煲仔饭里，拌匀即可食用
肥牛咖喱饭	1个土豆 半个洋葱 1根胡萝卜 3-4块咖喱块	烧水。 同时将胡萝卜，土豆切成丁。 水烧开后放入胡萝卜和土豆丁，煮两分钟，放入肥牛片，肥牛变色后全部捞出。 洋葱切片，炒香，然后倒入焯水后的肥牛土豆胡萝卜。放入咖喱块3-4快，加大半碗水，翻炒。
炸杏鲍菇	个杏鲍菇 勺淀粉 克盐 个鸡蛋	杏鲍菇洗净，切成5厘米长的段，然后立起来，再用刀在杏鲍菇上切十字花刀。（为了防止不小心把杏鲍菇切断了，我在杏鲍菇左右两侧放分别放了一根筷子，这样可以保证不会切断，切散。炸出来的菊花才会完整又漂亮。）锅里水烧开，把切好的杏鲍菇放入锅中焯水3分钟，煮至杏鲍菇变软时捞起来，放入冷水中过凉。用手挤出多余的水分，然后放入玉米淀粉里均匀的裹上玉米淀粉就像图2一样 锅里油烧热至插入筷子，看见筷子周围起泡泡，即可依次下入杏鲍菇中小火炸制。注意：下锅前最好把杏鲍菇抖散，抖开，这样炸出来的花儿更漂亮。 炸至定型，捞出备用，在复炸30秒，酥脆 热油，倒入蕃茄汁熬黏稠， 焦外上面就好了， 喜欢的口味不同，也有可直接撒烧烤料吃的，也很美味
美味的咖喱饭🍛	1个鸡腿肉 1个土豆 1根胡萝卜 1盒咖喱块 2碗米饭 600~650ml清水	准备食材 将鸡腿，土豆，胡萝卜切小块 锅热放三勺油 油热放入所有食材 翻炒食材，炒至鸡腿肉变色 加入清水，沒过食材，煮开，捞出浮沫 所有食材九分熟时，加入咖喱块，小火慢炖，用勺子慢慢搅拌 直至咖喱块完全融化，汤汁变浓稠，关火 盛出装盘，美味的咖喱饭配上香脆的榨菜和鲜香的香菇海带鱼饼汤，还有甜甜的小葡萄🍇 享用美味的咖喱饭🍛
6寸双层巧克力淋面水果蛋糕	6寸海绵蛋糕 112g全蛋液 81g细砂糖 5g水饴 20g无盐黄油 30g牛奶 75g低筋面粉 6寸戚风蛋糕 80g蛋白 5g玉米淀粉 35g玉米油 50g蛋黄 60g细砂糖 40g牛奶 50g低筋面粉 夹层 300g淡奶油 适量奥利奥饼干碎 适量芒果 适量草莓 抹面 250g淡奶油 适量白砂糖 适量食用色素 装饰 适量巧克力 适量草莓 巧克力淋面 30g巧克力 33-35g淡奶油	先做好海绵蛋糕，此方子来自那一天蝶舞的小嶋老师的海绵蛋糕，做好放凉后放入冰箱备用。 继续做戚风蛋糕，此方子来自tinrry的教你做草莓奶油蛋糕，蛋糕倒扣放凉2h以上，放入冰箱备用。 制作巧克力造型，我用的就是一般烘焙用巧克力。首先找一个圆柱形水杯，直径不要太大或太小，最好跟你所做蛋糕尺寸匹配。之后用烘焙纸围着水杯一圈（剪下两张一样长度宽度的），其中一条用胶带纸粘好备用。隔水融化或者微波炉融化巧克力变成巧克力酱，注意要完全化开，放入裱花袋中，裱花袋剪一个小口（这个需要摸索一下，不要太粗也不太细） 在另一张烘焙纸上快速均匀的划道，两个方向夹角30-45度即可，然后放凉到巧克力不会流动但是又没有定型时，贴到水杯上的烘焙纸上，放入冰箱冷却备用。 将冷却好的巧克力取出，撕下烘焙纸，一定要慢慢的小心的撕下，巧克力很脆，之后一定要注意不要弄碎。 取出蛋糕，每个横切一刀，一共四片备用。 打发夹层淡奶油到七分发左右，具体状态可以看tinrry的草莓奶油蛋糕方子或者晓廷爱烘焙的如何打发动物性淡奶油。加入适量奥利奥饼干碎，拌匀，先放海绵蛋糕垫底，加一层淡奶油 放上另一片海绵蛋糕，压一压，抹上淡奶油，摆好芒果粒，再加淡奶油，放上一片戚风蛋糕压一压 抹淡奶油加草莓，最后用戚风蛋糕的下面那片底面朝上摆好，压一压 打发抹面淡奶油到7分发左右，分成三份，分别加入食用色素，调好颜色。 一块一块的抹在蛋糕壁上，用刮刀抹匀，将蛋糕转移到纸托上，放入冰箱最少冷藏半小时。 制作巧克力淋面，先将巧克力隔水融化，慢慢加入淡奶油，看状态，此方子来自叶狄亚的蛋糕淋面之一：甘那许淋面，之后快速淋在蛋糕上，放好草莓和巧克力，继续放入冰箱冷藏最少半小时。 制作装饰草莓，将巧克力融化，放入裱花袋，剪小口，淋在草莓上，然后摆在蛋糕周围。 最后装饰一下，套上蛋糕盒。
迷你奶香面包	220克高筋面粉 170克淡奶油 3克酵母 25克细砂糖 3克盐	将所有材料都放进厨师机、混合成光滑的面团 厨师机转为高速，将面团揉出薄膜 盖上保鲜膜发酵至2倍大 取出发酵后的面团，排气、分割成20个小面团，每个约20克，摆入迷你20连马芬蛋糕模中 二次发酵后，每个面团用剪刀剪出十字 烤箱预热后，放进中层180度烘烤13-15分钟左右，出炉后放凉即可。
家常武昌鱼	条武昌鱼1 根香菜1 勺料酒4 片姜3 勺酱油2 克盐10	鲜活武昌鱼一条 去鳞，去腮，用剪刀剪开鱼肚，清理内脏。鱼身肚子里的黑色薄衣也要清除。 清洗完鱼后，用刀在鱼身上划4道。正反面均要划破。将一小勺盐撒至鱼身，用手搓一下，使其入味。倒入4瓶盖量的料酒腌制。装盆 锅中倒入油，放入大蒜米炸香待变成金黄色。放入武昌鱼。大火，1分钟后翻面。2分钟后倒入料酒，料酒倒瓶子的4分之一量。盖上锅盖等待2分钟，此时倒入1瓶盖的老抽，紧接着倒入2小碗清水至锅中。翻动鱼身。盖上锅盖闷煮3分钟。 3分钟后，取出干辣椒，丢3个干辣椒至锅中，继续倒入一碗清水，撒入盐（可以先偿下鱼汤是否已经咸了）。大火继续煮炖5分钟，放入姜片，5分钟后调中火，继续焖煮3分钟。 3分钟后收锅即可。撒上香菜段
酱油鸡	一只鸡 少许冰糖 酱油 几片姜 平时饭碗两碗半左右水	鸡处理干净，冷水下锅，水没过鸡，放一点料酒，姜片；大火煮开后转小火继续煮2分钟；冷却后沥干水分 1、开小火先倒入少许油下锅，放一些水到锅里，立马盖上，这样油会往锅四处溅油，鸡就不容易粘锅；2、开小火，再下点油，然后放入冰糖，炒出糖色；3、把鸡放下去转来转去全身上色，然后看中火；4、倒入适量酱油，等酱油煮开后，用勺子将冷水倒在鸡的身上，这样可以让鸡降温，保持肉质嫩滑；5、然后盖上锅盖，等一会酱油再次煮开，将鸡翻身，倒冷水，以此类推，直到把鸡弄熟。（煮到汁水到差不多的时候，把汁盛起来，这时鸡在锅里煎一下，就会焦焦的） 等鸡冷了以后就可以斩块上碟了（拍照技术不怎么好看）喜欢有汁的伙伴可以把刚刚盛起来的汁放入姜花葱爆炒一下淋到鸡上面来。
超好做又入味的的明虾煲！	只明虾 个土豆 勺豆瓣酱 勺蚝油 勺料酒 个洋葱 片姜 根葱 节藕 金针菇 豆腐皮 莴笋 土豆	买回来的虾洗净，用料酒腌制10分钟。下锅前用清水冲洗撒一点淀粉，下锅油炸，中火慢炸，慢慢升火。 准备一盘，青椒红椒，洋葱。放在一旁备用。 将喜欢的素菜切好备用，我选的是，藕，笋片，豆腐皮，香菇，土豆，金针菇。 土豆下锅之前，再清水里泡出淀粉。 将虾炸至金黄捞出 剩下的油，把配菜下入油锅。炸好后捞出。 准备一盘干辣椒，蒜末，葱末，一块火锅底料，郫县豆瓣两勺。 将之前准备的青红辣椒，洋葱，下入锅内炒香。再放入刚才调制的料碗。一起炒香。然后放入虾和配菜。均匀翻炒。 出锅之前放盐，少许蚝油，胡椒粉，孜然，香菜。 在家做的麻辣明虾煲就做好啦！口味超赞！比外面吃的还好吃，关键是自己做健康！放心！配菜可以根据自己的口味放！！
巧克力曲奇饼干 Chocolate Chip Cookies	120g黄油 25g幼砂糖 50g黄金幼砂糖 1个鸡蛋 175g低筋粉 1/2茶勺小苏打粉 1茶勺香草精 100g奶牛巧克力豆	预热烤箱150度，烤盘里铺好烘焙纸。准备食材。 在一个大碗里倒入黄油用电动搅拌器打蓬松，加入两种糖搅拌均匀，再加入鸡蛋继续搅拌，然后加入低筋粉继续搅拌均匀后换成橡皮刮刀半入巧克力豆。 用冰激凌勺将曲奇面团一个个挖到烤盘里，每一个曲奇之间留出1个半的距离来。然后送入烤箱150度烤20分钟。 饼干烤完后在烤盘里冷却10分钟后再转移到凉网上彻底凉透。
零失败快手巧克力月饼	100克好时巧克力酱 40克玉米油（或色拉油） 20克转化糖浆 12克（喜欢巧克力浓郁的可以增加可可粉，减少等量面粉，反之）法芙娜可可粉 128克低筋面粉	⚠️在做这个方子之前，请注意以下几点： 1⃣️在做饼皮之前请准备好所有的准备工作，比如事先戴好PVC手套，呆会要使用的秤，准备要包的馅料等； 2⃣️巧克力的饼皮不需要醒面，不需要醒面，不需要醒面，现做现包，因为静止的时间久的话容易裂，不好包； 3⃣️此方子做好的饼皮约300克左右，可以做12个饼皮为25克的75克月饼； 4⃣️此方子不建议翻倍做，新手速度慢的话到后面饼皮容易裂，其实做面皮非常方便，建议可以分开和面皮。 将馅料分别称好，搓圆，备用，可以搭配豆沙，蛋黄豆沙，枣泥，椰蓉/椰蓉蔓越莓，奶黄，巧克力蔓越莓等馅料，我是25克的皮，45克的馅，准备12个即可。我用的是63克的模具做的70克的月饼，仅供参考。 将转化糖浆，巧克力酱，玉米油倒入盆中。 用蛋抽以画圈的方式将转化糖浆，巧克力酱，玉米油混合均匀，浓稠度一致表面无浮油即可。 在混合好的巧克力糖浆液中加入128克低筋面粉，12克可可粉。 用刮刀以按压的方式混合至无干粉，完全不粘手的巧克力面团，巧克力饼皮会比传统的广式饼皮较为柔软一些。 称取25克饼皮，搓圆后用大拇指和食指用转圈的方式将圆团捏成圆窝状。 在圆窝中间放入馅料，大拇指顶住馅料，用虎口慢慢的将饼皮收口，捏紧，搓圆，搓光滑即可。 50克的模具建议稍微搓成圆柱体，比较容易入模，75克以上的模具没有关系。 将面团直接放在模具中（⚠️不需要粘任何粉！不需要粘任何粉！不需要粘任何粉！）左手按住花筒，右手用力按压，脱模成型即可。这款饼皮非常非常好脱模，无需粘不粘粉！ 烤箱180度预热，表面喷水，放入预热好的烤箱中层20分钟（或者165度，25分钟）即可，（温度和时间仅供参考，实际根据自己的烤箱温度而定）。烤好的月饼巧克力香气浓郁，表皮干爽不粘手。 烤好的月饼表面干爽光滑。 回油后的巧克力月饼香气更为浓郁，饼皮变为柔软，表面更有光泽油润。这个时候的月饼就可以开吃啦！😋
快手蒜香猪排	2块猪排 10瓣大蒜 2勺淀粉 2勺生抽 1勺白糖	猪排两块，冰箱里只有这种带皮的，我切掉了皮。 用刀背打一下肉肉，变松松一会儿更入味。 两勺淀粉+两勺生抽+一勺白糖，调均匀。 大蒜剁碎（我懒，应该再碎很多很多。。 把猪排放入刚刚的酱汁中侵泡一下下。 捞出来。 放上大蒜，用保鲜膜包起来，放入冰箱两小时。 热油锅下猪排。 一面煎3分钟左右。 可以吃啦！
番茄鸡蛋汤/面条	鸡蛋番茄面粉 葱花	炒鸡蛋番茄后加水加块状番茄烧开，加面糊烧开淋入1个搅匀的鸡蛋，关火撒葱花 如果做面条，面糊调少点
百香果排骨	500g排骨 4个百香果 3个番茄 少许姜片 少许油 少许生抽 少许糖 少许生粉 1/4柠檬（可选）	新鲜猪小排以常温清水浸泡半小时以上，直至泡出血水。 排骨捞出沥干水后用生粉（普通淀粉）略加腌制。 烧热锅，倒入平时炒菜量两倍的油，下姜片爆香。记得把番茄也切块备用（手抖照片拍糊了就不放了）。 排骨炒至表面变色盛出，喜欢干硬一点口感的可以多炒一会儿。裹了淀粉的排骨放入油中煸炒，过后会发现这样处理过的排骨不会再析出血水，炒完的剩油依然是干净清亮的，排骨不腥膻，油也可以继续用来炒别的菜。 炒排骨剩下的油倒出一半，剩下正常炒菜用量的油，下入2个番茄和2个百香果的果肉。百香果对半切开然后像这样挤到锅里就好啦～ 番茄和百香果炒香煮软后放入排骨一起炒，然后加入料酒炖煮。可以用水替代料酒，量大约平排骨。加入少许生抽调色，依个人口味尝着酸甜度加糖。喜欢柠檬的话挤1/4的柠檬汁进去，糖量相应的要再加一些。 盖上锅盖中火炖煮约8分钟后，开盖大火收汁。临出锅下入剩下的1个番茄和2个百香果炒匀，这样果味更浓郁。别忘了再尝一下酸甜度，口味自行调整。
香肠花卷	500克面粉 5克酵母 5克糖 350克温水 半根香肠 适量香葱 少许盐	先用350克温水化开糖后加入酵母搅拌均匀即可，面粉放入盆中分次加入酵母水，搅拌成絮状后用手揉面，揉至三光“面光、盆光、手光”即可，盖上保鲜膜放入温暖的地方发酵。 现在天冷发酵两小时左右至面团两倍大小，成这种蜂窝状就可以了 把面团放到案板上揉面，揉到切开一小块切面没有蜂窝组织即可，分成两份揉成圆面团，醒发一下，准备好葱花和香肠丁备用 将面团擀至长方形面片，不要太薄，刷上一层油，撒上葱花、香肠丁、少许盐即可 将面片折三折先折一道，折好后压压把空气排出，在上面刷一层薄薄的油 再折一道即可 切成一宽一窄的条状备用 将一个窄条放在一个宽条上，用细筷子压一下 压好后将面团拉长对折，用筷子从中间卷一下即可 将做好的花卷醒发20分钟 锅里加水大火烧开后放入花卷，大火蒸15分钟左右即可
煎牛奶馒头	1000克中筋面粉 10克安琪酵母 2个鸡蛋 100g奶粉 50克白糖 250克牛奶 20克橄榄油	一勺白糖加酵母用温水搅拌（水温不能超50°）搅拌后静止3分钟酵母开始出气泡这个时候开始和面 2000克面粉、鸡蛋、糖、奶粉全部放一起，加酵母、油，牛奶可以先加200克，每一个品牌的面粉吸水性不一样，一定要慢慢加！加到面团成型不沾手但是觉得面很软，这个时候就和好了！（如果放葡萄干一定是和好面的时候加，简简单单揉搓进行混合） 面团直接切块，醒发！切好的面团很重，醒发好的面团很轻！（面团切好后，放在手里，一定不能是用包包子的手法这样就不能开花了，面团切面外翻，四角收口放在案板上手心对着光滑的一面，四角对着案板，面团在手里和案板进行打圈⭕，三四圈后面团拿起来底部和图片一样！）面团很轻的时候，一个煎锅食用油小火放入面团煎两面金黄 一口锅，一定要水开放入煎好的馒头，大火🔥20分钟 出锅，这个馒头超级软，奶香十足没有一滴水，🈳👄吃超级好吃 揉面步骤
空气炸锅版蜜汁叉烧	适量猪梅花肉（五花肉） 适量叉烧酱 适量葱姜蒜 适量料酒 适量黑胡椒粉 适量蜂蜜 适量老抽	肉洗净沥水加叉烧酱、葱姜蒜、料酒、黑胡椒粉拌匀密封好放冰箱腌制过夜最好 空气炸锅200度10分钟 翻面刷蜂蜜和老抽拌匀得酱，转160度15-20分钟，期间至少取出刷蜂蜜老抽酱2-3次，当心不能烤焦 取出冷却切片食用
潮汕顶级美味——潮汕砂锅蟹粥	看人数定量哦东北大米 1～2只白白胖胖的蟹 8只白白胖胖的虾 4个猪肉丸子 4个鱼肉丸子 适量姜丝 盐 水 料酒 胡椒粉 芹菜或香菜 花生油 冬菜，小葱等等调料看个人需要随意加	首先用你白白胖胖的小手捞来一只白白胖胖的大肥蟹！(要有蟹膏的那种才好吃！) 然后用一把好看的小刷子在哗啦啦的水龙头下把你的大肥蟹洗刷干净！（注意手不要被咬到…） 用筷子从蟹尾部插入穿到嘴部，等蟹丧失了知觉的时候，趁它不注意偷偷把它的绳子解开。 把蟹背面尾部的三角区域去除，掰开蟹壳，去除蟹腮和蟹肠，把嘴部的胃也去除。 清洗后斩件，蟹腿可以用刀背把壳稍微敲开。加料酒腌制它10分钟，备用。   虾洗干净备用。猪肉丸子和鱼肉丸子备用。姜切丝备用。 拿出一个你家祖传的砂锅。（传统砂锅才能够将味道全部锁住） 把2020年的大米（可用东北大米）淘干净。用水浸泡30分钟，捞出沥干。（让米充分吸收水份可让粥更香软）加点花生油拌一下 将大米与冷水放入砂锅中，大火烧开后迅速转为小火。（水大概是米的5～8倍，看个人稀稠喜好。但是水要在第一次就加好，后期最好不再加水） 等到米粒变得透明，米粒开花的时候，说明粥熟了。先放入圆滚滚的丸子煮一下。 趁砂锅不注意，再把姜丝和胖胖的蟹，放入砂锅里。转为中火。煮5分钟。（加蟹煮粥的时候要注意搅拌，不然会粘锅） 5分钟到了。放入可可爱爱的活蹦乱跳的小虾。小火再煮5分钟。哇，它变红了！ 加入盐和胡椒粉（可以放小葱、冬菜等调味。）出锅前偷偷加入切好的香菜或者芹菜粒。再用你的九牛二虎之力把它搅拌均匀。 最后小心翼翼地把粥盛到一个祖传的碗里。换上一块好看的桌布，摘一朵小花花放在旁边，拍个照，装作非常开心的样子。好了，现在可以开吃了。呜呜呜，米粥粘稠，实在是人间美味。太好吃了我哭了。
酸辣藕丁	4小节藕 5片姜  1小汤勺生抽 6个干红辣椒   4小汤勺白醋或普通醋 2瓣大蒜 适量盐 20粒左右花椒粒 适量蚝油	藕去皮洗净，切成2厘米左右的小块儿待用 锅里放适量的水烧开，将切好的藕丁放入开水，一分钟左右即可盛出藕丁 锅里放适量油，待油烧到七八成热的时候放入准备好的姜蒜干辣椒花椒粒 放入藕丁，翻炒2分钟左右即可放入准备好的盐、生抽、醋、蚝油（没有蚝油可以忽略） 翻炒均匀盛盘出锅，香脆美味的藕丁好了～
『凡岁』考究浙菜—虾爆鳝	【鸡汤】 一只老母鸡 三块金华火腿 一根棒骨（不吃猪肉可以换成牛棒骨） 一只猪蹄（不吃猪肉可用鸽子代替） 【虾】 半斤河虾 两勺淀粉 一勺盐 半勺白胡椒 两勺料酒 【鳝鱼】 一斤鳝鱼 一把水葱 一把姜丝 半勺盐 【调味】 一勺盐 两朵香菇 一把枸杞 一个大枣	鳝鱼直接开水烫熟 取出过温水 鳝鱼划丝，第一刀一分为二，第二刀切到一半，第三刀反过来把骨肉分离 切八厘米的寸段放少许盐腌制 七八成油温炸至表面起泡 虾去虾头剥皮去虾线，用调料中提到的来腌制一下 用火腿、猪手、老母鸡、棒骨熬制六小时的鸡汤取出备用。 捞出鸡汤上一层机油，下香菇丝炒香，下入鸡汤 鸡汤内下鳝鱼煮三分钟 三成油温滑炒虾仁至断生 装碗 撒上火腿，姜丝，葱丝即可。
糖醋嫩姜	500克嫩姜 10克白糖 5克盐 适量陈醋 适量生抽	姜洗净沥干 去皮 切成薄片 ➕盐腌制15分钟，去除姜汁 再➕白糖腌制15分钟 把嫩姜挤干姜汁装入无水的玻璃瓶内 把白糖生抽陈醋倒入装嫩姜的玻璃瓶内 用盖子密封后放冰箱冷藏2-3天后就可以食用了
口水鸡	用心	1 2 3 4 5 6 7 8 9 10 11 12 13 14 15 16 17 18 19 20 21 22 23
钵仔糕	300G木薯粉 150G玉米淀粉 50G马蹄粉 适量绿豆、红豆、玉米、菠萝、芒果 1200G水 500G红糖或冰糖	玉米焯、红豆蒸、绿豆焗、菠萝盐水浸、芒果切粒 一半水开粉成粉浆 一半水煮糖成糖水 把糖水趁热倒入粉浆成热浆。然后倒入放入料的模具。大火蒸10分钟。
风味橄榄面包	3杯高筋面粉 1杯(切大块)橄榄 1/2小勺盐 1/2小勺意式干香草 5-7克干酵母 1杯(或水)牛奶 2大勺橄榄油	牛奶(或水)稍加热至温, 放入面包机, 依次再加入橄榄油, 面粉, 意式干香草, 盐和干酵母, 启动和面程序. 如果不用面包机, 可按面粉, 意式干香草, 盐, 干酵母, 橄榄油, 牛奶(或水)的次顺序加料, 然后用手将所有材料混合成光滑的面团, 再在面板上揉10-15分钟 揉好的面团放在干净的盆中, 加盖或保鲜膜, 放温暖处发酵1小时至两倍大 面板撒粉, 将发好的面团倒扣, 按压排气, 再慢慢将切碎的橄榄揉进面团, 揉好后将面团分两份, 整成椭圆型, 放到烤盘上, 盖保鲜膜进行二次发酵 烤箱预热425F(210C), 待二次发酵的面团两倍大时, 用快刀在表面割几道并在面团表面刷橄榄油, 面团入烤箱烤10分钟, 将烤箱温度降至375F(190C), 继续烤25分钟, 至表面金黄 出炉的面包放网架上晾凉
电饭煲蒸蛋糕	100克，或蛋糕粉低筋面粉 100克白糖 少许白醋 4只鸡蛋	将鸡蛋蛋白和蛋黄分别放到两个小盆中，鸡蛋要常温的，刚从冰箱中取出的要放至室温哟~ 三分之一的糖放入蛋黄中，搅打蛋黄，搅成淡黄色即可（我一般都搅1分钟就行了，如果将蛋黄小盆放在温水中，搅出的效果更好 搅打蛋白，搅成象奶油样的干性发泡状（蛋白在手尖中能立起来，时间大约5分钟，打到碗中没有蛋液为止，这个步骤直接决定蛋糕的质量，如果碗中还有蛋液会使蛋糕胀不起来，而成为蛋饼，偶第一次做就是没打起来，所以做成了蛋饼。但是也不能打过，打的时间过长成棉花状就不好了，如果怕不放心，可以加入生牛奶帮助发酵），之后将所剩三分之二的白糖倒入蛋白中轻轻搅拌几下 把打好的蛋白的一半放到蛋黄中，小心搅拌，不要破坏了蛋白的泡泡 然后将面粉放入到打好的蛋黄中，并滴上几滴白醋，然后轻轻搅均（搅拌过猛会使面产生筋度，影响蛋糕质量；白醋是为了去除鸡蛋的腥味） 将剩余的一半蛋白放入到“3”中搅均（不能用搅拌器，方法是用手或橡皮铲从碗的底部向上捞，重复几次） 大约2分钟后，你会发现蛋黄面糊和蛋白融为了一体，变成一种糊状，这时蛋糕糊就做好了 在电饭煲里涂一层油。在锅底放些核桃仁、瓜子仁之类的干果，然后将蛋糕糊倒入电饭煲中 将电饭煲按至煮饭加热档，约5分钟左右就跳到保温了，等过了2-3分钟后，再按一次煮饭加热，几分钟后又跳了（期间待面糊稍有硬度时可以在上面撒些葡萄干），这样反复3-4次，就可以闻到一股蛋糕的香味了，打开盖子，表面是浅黄色的，比原来长高了，用筷子戳一下，如果戳得进去，并且筷子没有粘蛋浆，就表示熟了
戚风蛋糕卷（小四卷）	4个蛋白 4个蛋黄 50克玉米油 50毫升纯牛奶 52克低筋面粉 60克细砂糖 200克淡奶油	蛋清 蛋黄分离，装蛋清的盆子一定要做到三无（无水、无油、无蛋黄），一丁点都不能有，否则蛋白霜无法打发成功，这是第一步关键点 蛋白盖保鲜膜放入冷藏（冷冻）备用 玉米油50克、纯牛奶50ml，四个蛋黄搅拌至乳化 乳化后状态 筛入52克低筋面粉，搅拌均匀 蛋白打发，冷藏或冷冻（周围冻出冰花更容易打发）一下。 蛋清打发，分三次共加入60g白砂糖，打发的判定标准，筷子可以树立不倒，打蛋器慢慢提起来直立的小三角即可。 打发好的蛋白霜分三次放入蛋糊，一定要注意千万不能划圈圈拌，会导致消泡，要以切拌或翻拌的形式，直到均匀。（此时烤箱先行预热） 倒入28*28的烤盘里 四周晃动烤盘，使其表面平整。 烤箱170度烤32分钟。 出炉震动几下模具 倒扣，撕下油纸（建议还是用油布，油纸的话表面不平整），静止放凉 淡奶油200克加入20克白砂糖，打发 放凉后就可以卷啦，一头一尾各斜切一刀 卷的前面轻轻划几刀，卷的时候容易顺着推，卷的第一下先压一下，再向前推。 将奶油涂在蛋糕片上，起始端和两侧涂满，起始端涂厚一点，收尾端偏薄，尾部3厘米处不涂 用擀面杖辅助借力往前推，另一只手顶着后端不要移动位置，卷好放入冷藏30分钟定型。 两头切开 就可以享用啦
青炒大白菜	8片白菜 5克盐 1勺醋 20粒花椒粒 一勺白糖 1根干辣椒	大白菜洗净，用手撕成小片。准备好花椒粒，蒜，糖，醋。 热锅冷油，倒入花椒粒，炒香后，捞出扔掉，在放入蒜，辣椒爆香，放入白菜大火翻炒。 最后加入醋，糖，盐，搅拌均匀，盛出，完成啦，又简单，又减肥。
祛湿粥（附炒薏米方法）	克炒薏米 克赤小豆 芡实 茯苓 燕麦片 白眉豆 莲子	所有材料，大概1：1：1，混合，煲粥一样，放入足够的清水，预约好时间，第二天早上就能吃上健康的早餐咯！ 锅烧到干水 小火翻炒 我每次炒一斤，大概炒45分钟 炒到有点米香味，薏米变焦黄色，咬一颗试试，口感脆脆的，就是炒好了！放凉后密封起来，随时都可以用！可以煲粥，也可以直接然薏米茶喝！有非常好的祛湿效果！
西红柿鸡蛋豆角打卤面（拌面）	1.5个西红柿 2个鸡蛋 7根长豆角 适量大葱 适量食用油 适量盐 适量十三香 适量鸡精 适量香油	大葱滚刀切葱花 西红柿切十字后，滚刀切小块 长豆角洗净切小段 鸡蛋加一点点盐打液 菜锅热油炒鸡蛋，鸡蛋金黄中等 块状即可 炒过鸡蛋的锅再次放油，如果炒过鸡蛋剩余的油多的话就不用再放了，七分热时放葱花，炒香，然后 放入西红柿继续炒，炒至西红柿变 成酱。 放入豆角，加盐，十三香炒，如果西红柿酱少了，加点水进去，炒大概三分钟左右放入鸡蛋继续炒，豆 角熟了加点鸡精，香油出锅。 煮面条（菜锅没洗），面条熟了用 凉水过一下。 面条盛盘，西红柿鸡蛋豆角盖到面条上，拌匀即可。
简单家常 爆炒小河虾	500克河虾 1只姜 一勺蚝油 一勺料酒 3瓣大蒜 配菜：韭菜（我没有韭菜了用了芹菜） 1个小米椒 2只线椒 2勺生抽	500g活河虾洗净，可以拿料酒泡一下 切好线椒、葱姜蒜 葱姜蒜爆锅 倒入河虾翻炒片刻 倒入线椒、小米椒及配菜，倒生抽1勺、蚝油1勺，适量十三香、花椒粉，翻炒均匀 出锅！
奶香香甜的豆沙包（面包机揉面发面）	300克面粉 30克奶粉 3克酵母 150毫升水 30克糖 1克盐 1个鸡蛋 适量豆沙馅	依次将水，奶粉，盐，糖，鸡蛋，面粉，酵母，放入面包机内，揉面功能15分钟，发酵50分钟（发酵至两倍大） 发酵好的面团取出再揉排气，分成小团，擀成中间厚四周薄的圆片，以免塌陷。 包入豆沙馅（自制），放入蒸锅二次发酵30分钟（约一倍大），大火蒸15分钟，闷5分钟 出锅，香香甜甜，糯糯的流状豆沙包完成。 白白胖胖的豆沙包，看着都想吃😍
辣椒炒鸡蛋	个鸡蛋 克盐 勺酱油 个青椒	青椒切片 三个鸡蛋 油锅 煎 爆炸蒜sui 倒入青椒 倒入鸡蛋
清炒鸡毛菜(蒸鱼豉油版本，不修图)	500克鸡毛菜 3瓣蒜瓣 1勺蒸鱼豉油 适量盐 适量鸡精	热锅凉油，下蒜瓣，下鸡毛菜翻炒！ 加入蒸鱼豉油，继续翻炒！ 加入盐和鸡精，翻炒几下装盘！
油泼面	保鲜膜 面粉 水 盐 醋 生抽 老抽 食用油 葱末、蒜末 辣椒面 蔬菜（看个人喜好）	和面：在水中加入少量盐，并一起慢慢加入面粉中，直至较软的面团。 醒面：将面团盖在容器下静置30分钟。同时，处理葱、蒜。并将醋，老抽，生抽调成浇头（醋多酱少），加入少量凉白开水，备用。蒜末可加入浇头中生吃调味，也可等泼油时放于面上烫熟拌入。  切面：将醒好的面团适当揉捏，压扁，用刀切成长条（不要太细）。再一个个稍稍滚揉，在表面刷一层食用油，用筷子顺长中分压一下（便于后面的扯面过程）。用保鲜膜包好静置。 扯面：在扯面之前，将蔬菜放在锅里烫熟捞起放入碗底。将压好的的面条子拉长，按中缝撕开再次拉扯，放入锅中煮。 泼油：在煮面的同时，起油锅热油，进度自己掌握。待面煮熟，捞出放入先前放入蔬菜的碗中，倒入辣椒面（最好是秦椒），撒上适量盐，并放上葱末和蒜末，热油及时浇上，之后迅速用浇头（醋，老抽，生抽）浇在油泼处，香味四溢。 完成！
